baseline,baseline_lo,baseline_hi,lam_0,lam_0_lo,lam_0_hi,amp,amp_lo,amp_hi,sigma,sigma_lo,sigma_hi
0.9999089566636775,0.0003093821542762276,0.00030522401009103195,10832.054291132927,0.04573954079387477,0.04958005327898718,0.14245256526402794,0.0018901344474582804,0.001990624186292922,2.4544317474879755,0.04304747390256081,0.04405379682238708
